0	drug::triclabendazole
1	drug::dexlansoprazole
2	drug::zidovudine
3	drug::carprofen
4	drug::rebamipide
5	drug::pipobroman
6	drug::trametinib
7	drug::paclitaxel
8	drug::pirfenidone
9	drug::zaltoprofen
10	drug::selinexor
11	drug::isradipine
12	drug::chlorzoxazone
13	drug::sulfamethazine
14	drug::betamethasone
15	drug::mestranol
16	drug::2-methoxyestradiol
17	drug::daporinad
18	drug::ixazomib
19	drug::rifaximin
20	drug::veliparib
21	drug::bifonazole
22	drug::ethionamide
23	drug::semaxanib
24	drug::climbazole
25	drug::famciclovir
26	drug::sirolimus
27	drug::busulfan
28	drug::floxuridine
29	drug::rabusertib
30	drug::erdosteine
31	drug::tioconazole
32	drug::mequinol
33	drug::7-ethyl-10-hydroxycamptothecin
34	drug::ciclopirox
35	drug::cinchophen
36	drug::cilostazol
37	drug::zonisamide
38	drug::meprednisone
39	drug::nicotinamide
40	drug::equol
41	drug::mycophenolate mofetil
42	drug::clopidogrel
43	drug::pacritinib
44	drug::amonafide
45	drug::hyoscyamine
46	drug::saracatinib
47	drug::cinoxacin
48	drug::lidocaine
49	drug::vatalanib
50	drug::monobenzone
51	drug::milrinone
52	drug::andarine
53	drug::acipimox
54	drug::methyclothiazide
55	drug::ivacaftor
56	drug::marbofloxacin
57	drug::benzbromarone
58	drug::dolutegravir
59	drug::tolfenamic acid
60	drug::cabazitaxel
61	drug::lomustine
62	drug::axitinib
63	drug::eltrombopag
64	drug::argatroban
65	drug::nimodipine
66	drug::synephrine
67	drug::acarbose
68	drug::mirabegron
69	drug::acemetacin
70	drug::hyodeoxycholic acid
71	drug::risperidone
72	drug::tipifarnib
73	drug::clevidipine
74	drug::ruxolitinib
75	drug::arsenic trioxide
76	drug::tilmicosin
77	drug::indole-3-carbinol
78	drug::chlorambucil
79	drug::oxymetholone
80	drug::lestaurtinib
81	drug::atracurium besylate
82	drug::alprostadil
83	drug::flucytosine
84	drug::dexamethasone
85	drug::flurbiprofen
86	drug::idelalisib
87	drug::piracetam
88	drug::formestane
89	drug::ribavirin
90	drug::benzocaine
91	drug::niflumic acid
92	drug::tg100-115
93	drug::plx-4720
94	drug::racecadotril
95	drug::aminophylline
96	drug::formononetin
97	drug::oxfendazole
98	drug::flufenamic acid
99	drug::artesunate
100	drug::perifosine
101	drug::celecoxib
102	drug::pioglitazone
103	drug::repaglinide
104	drug::ipriflavone
105	drug::xl765
106	drug::seliciclib
107	drug::amphotericin b
108	drug::nepafenac
109	drug::nilvadipine
110	drug::dabrafenib
111	drug::linsitinib
112	drug::epalrestat
113	drug::masitinib
114	drug::ferulic acid
115	drug::pimobendan
116	drug::sulindac
117	drug::capecitabine
118	drug::dirithromycin
119	drug::bimatoprost
120	drug::betulinic acid
121	drug::mocetinostat
122	drug::mitoxantrone
123	drug::tegafur
124	drug::canertinib
125	drug::hydroxyurea
126	drug::levetiracetam
127	drug::atropine
128	drug::oxibendazole
129	drug::lafutidine
130	drug::vincristine
131	drug::carmustine
132	drug::aprepitant
133	drug::candesartan
134	drug::ganciclovir
135	drug::niraparib
136	drug::doxercalciferol
137	drug::nilotinib
138	drug::ph-797804
139	drug::enzastaurin
140	drug::erlotinib
141	drug::bupropion
142	drug::mometasone furoate
143	drug::aminoglutethimide
144	drug::clotrimazole
145	drug::nateglinide
146	drug::hexestrol
147	drug::ebastine
148	drug::nimesulide
149	drug::loteprednol etabonate
150	drug::methenamine
151	drug::vinorelbine
152	drug::disulfiram
153	drug::ranolazine
154	drug::aztreonam
155	drug::edoxaban
156	drug::omacetaxine mepesuccinate
157	drug::retapamulin
158	drug::haloperidol
159	drug::irbesartan
160	drug::esculin
161	drug::dipyridamole
162	drug::valsartan
163	drug::gliclazide
164	drug::famotidine
165	drug::rifapentine
166	drug::roxadustat
167	drug::albendazole oxide
168	drug::tenofovir
169	drug::gestodene
170	drug::etodolac
171	drug::carbimazole
172	drug::a-674563
173	drug::valdecoxib
174	drug::domperidone
175	drug::fingolimod
176	drug::tropicamide
177	drug::nitazoxanide
178	drug::itraconazole
179	drug::sparfloxacin
180	drug::penciclovir
181	drug::zolmitriptan
182	drug::budesonide
183	drug::altrenogest
184	drug::reserpine
185	drug::alectinib
186	drug::clarithromycin
187	drug::tariquidar
188	drug::diosmin
189	drug::methscopolamine
190	drug::mifepristone
191	drug::apremilast
192	drug::dexrazoxane
193	drug::bendroflumethiazide
194	drug::pramiracetam
195	drug::trilostane
196	drug::prilocaine
197	drug::felodipine
198	drug::sulfamerazine
199	drug::pentamidine
200	drug::pranoprofen
201	drug::enrofloxacin
202	drug::rimonabant
203	drug::zalcitabine
204	drug::lenvatinib
205	drug::nilutamide
206	drug::fenbendazole
207	drug::dabigatran etexilate
208	drug::acetylcysteine
209	drug::orlistat
210	drug::diethylstilbestrol
211	drug::agomelatine
212	drug::nabumetone
213	drug::terbinafine
214	drug::mirtazapine
215	drug::linagliptin
216	drug::volasertib
217	drug::acitretin
218	drug::dapivirine
219	drug::alogliptin
220	drug::avanafil
221	drug::ilomastat
222	drug::methazolamide
223	drug::daptomycin
224	drug::brinzolamide
225	drug::salinomycin
226	drug::probenecid
227	drug::quizartinib
228	drug::indirubin
229	drug::artemether
230	drug::meticrane
231	drug::rimantadine
232	drug::daidzein
233	drug::vorinostat
234	drug::clevudine
235	drug::colchicine
236	drug::droperidol
237	drug::sodium ascorbate
238	drug::asenapine
239	drug::rufinamide
240	drug::telaprevir
241	drug::triamterene
242	drug::8-azaguanine
243	drug::propylthiouracil
244	drug::cytisine
245	drug::fluticasone propionate
246	drug::lornoxicam
247	drug::ibuprofen
248	drug::doramapimod
249	drug::guaifenesin
250	drug::cilnidipine
251	drug::salsalate
252	drug::methylprednisolone
253	drug::cudc-101
254	drug::bezafibrate
255	drug::voriconazole
256	drug::fostamatinib
257	drug::torasemide
258	drug::apixaban
259	drug::docetaxel
260	drug::tazemetostat
261	drug::tazarotene
262	drug::miglitol
263	drug::gossypol
264	drug::navitoclax
265	drug::albendazole
266	drug::methocarbamol
267	drug::sgx-523
268	drug::suvorexant
269	drug::vx-765
270	drug::sulfasalazine
271	drug::tofacitinib
272	drug::triflusal
273	drug::melatonin
274	drug::lonafarnib
275	drug::trichostatin a
276	drug::cilomilast
277	drug::tranexamic acid
278	drug::sulfisoxazole
279	drug::sulfamethoxypyridazine
280	drug::regorafenib
281	drug::estriol
282	drug::aniracetam
283	drug::amuvatinib
284	drug::tamoxifen
285	drug::lonidamine
286	drug::felbamate
287	drug::nifedipine
288	drug::vx-702
289	drug::mevastatin
290	drug::chloroquine
291	drug::nizatidine
292	drug::raloxifene
293	drug::clindamycin
294	drug::curcumin
295	drug::pregnenolone
296	drug::roflumilast
297	drug::tropisetron
298	drug::troxipide
299	drug::sulbactam
300	drug::prasugrel
301	drug::exemestane
302	drug::calcitriol
303	drug::ifosfamide
304	drug::fedratinib
305	drug::ursodeoxycholic acid
306	drug::cefoperazone
307	drug::resveratrol
308	drug::sulfapyridine
309	drug::azilsartan medoxomil
310	drug::menadione
311	drug::guanosine
312	drug::lamotrigine
313	drug::alisertib
314	drug::fluocinolone acetonide
315	drug::dasatinib
316	drug::varlitinib
317	drug::candesartan cilexetil
318	drug::coumarin
319	drug::dovitinib
320	drug::fluocinonide
321	drug::dapagliflozin
322	drug::glycyrrhizic acid
323	drug::meropenem
324	drug::everolimus
325	drug::lapatinib
326	drug::thiotepa
327	drug::lithium citrate
328	drug::rutin
329	drug::erythromycin
330	drug::taxifolin
331	drug::orotic acid
332	drug::desonide
333	drug::dienogest
334	drug::etravirine
335	drug::vidarabine
336	drug::omeprazole
337	drug::clofarabine
338	drug::venlafaxine
339	drug::artemisinin
340	drug::methimazole
341	drug::infigratinib
342	drug::imatinib
343	drug::cabozantinib
344	drug::oxytetracycline
345	drug::mln8054
346	drug::hydrochlorothiazide
347	drug::pracinostat
348	drug::gadodiamide
349	drug::calcifediol
350	drug::potassium iodide
351	drug::lovastatin
352	drug::lamivudine
353	drug::favipiravir
354	drug::aripiprazole
355	drug::emtricitabine
356	drug::pranlukast
357	drug::telmisartan
358	drug::vandetanib
359	drug::rosiglitazone
360	drug::piceatannol
361	drug::ivermectin
362	drug::prednisone
363	drug::crenolanib
364	drug::nps-2143
365	drug::aminophenazone
366	drug::spiramycin
367	drug::primidone
368	drug::indapamide
369	drug::antipyrine
370	drug::indomethacin
371	drug::naproxen
372	drug::palbociclib
373	drug::tinidazole
374	drug::tivozanib
375	drug::puerarin
376	drug::nisoldipine
377	drug::trifluridine
378	drug::tetrandrine
379	drug::cyclophosphamide
380	drug::chloramphenicol
381	drug::bergapten
382	drug::tolbutamide
383	drug::maraviroc
384	drug::thiamphenicol
385	drug::sunitinib
386	drug::imidapril
387	drug::praziquantel
388	drug::prucalopride
389	drug::gimeracil
390	drug::loratadine
391	drug::ceritinib
392	drug::amprenavir
393	drug::ornidazole
394	drug::adapalene
395	drug::tolvaptan
396	drug::ixabepilone
397	drug::adefovir dipivoxil
398	drug::raltitrexed
399	drug::sulfamethizole
400	drug::batimastat
401	drug::captopril
402	drug::mk-1775
403	drug::amifostine
404	drug::sorafenib
405	drug::mesalazine
406	drug::enoxacin
407	drug::gallamine triethiodide
408	drug::rebastinib
409	drug::osi-930
410	drug::fisetin
411	drug::dexmedetomidine
412	drug::tandutinib
413	drug::saxagliptin
414	drug::enzalutamide
415	drug::luliconazole
416	drug::drospirenone
417	drug::probucol
418	drug::triptolide
419	drug::wortmannin
420	drug::afatinib
421	drug::doxofylline
422	drug::clinofibrate
423	drug::nystatin
424	drug::topotecan
425	drug::chloroxine
426	drug::naringenin
427	drug::metronidazole
428	drug::simvastatin
429	drug::theobromine
430	drug::anastrozole
431	drug::quercetin
432	drug::bleomycin
433	drug::acetarsol
434	drug::nocodazole
435	drug::phenylbutazone
436	drug::anisotropine methylbromide
437	drug::sulfadimethoxine
438	drug::mitotane
439	drug::letrozole
440	drug::vildagliptin
441	drug::estradiol
442	drug::ritonavir
443	drug::pemetrexed
444	drug::azelnidipine
445	drug::chlorothiazide
446	drug::avasimibe
447	drug::secnidazole
448	drug::amlodipine
449	drug::odanacatib
450	drug::lenalidomide
451	drug::bumetanide
452	drug::pidotimod
453	drug::istradefylline
454	drug::temsirolimus
455	drug::linezolid
456	drug::cladribine
457	drug::zanamivir
458	drug::canagliflozin
459	drug::gliquidone
460	drug::florfenicol
461	drug::myricetin
462	drug::troxerutin
463	drug::dofetilide
464	drug::trichlormethiazide
465	drug::moxonidine
466	drug::finasteride
467	drug::naftopidil
468	drug::at9283
469	drug::nevirapine
470	drug::nialamide
471	drug::bicalutamide
472	drug::mycophenolic acid
473	drug::manidipine
474	drug::posaconazole
475	drug::cortisone acetate
476	drug::laquinimod
477	drug::tanespimycin
478	drug::tosedostat
479	drug::genistein
480	drug::cobicistat
481	drug::chlorpropamide
482	drug::levonorgestrel
483	drug::flumequine
484	drug::bacitracin
485	drug::ranitidine
486	drug::mizoribine
487	drug::nefiracetam
488	drug::trimethoprim
489	drug::lansoprazole
490	drug::abiraterone
491	drug::crizotinib
492	drug::carbidopa
493	drug::streptozocin
494	drug::halcinonide
495	drug::nalidixic acid
496	drug::idoxuridine
497	drug::nadifloxacin
498	drug::methylthiouracil
499	drug::moclobemide
500	drug::gefitinib
501	drug::metformin
502	drug::hydrocortisone
503	drug::etofibrate
504	drug::miconazole
505	drug::uracil mustard
506	drug::fulvestrant
507	drug::cyproterone acetate
508	drug::gemfibrozil
509	drug::pazopanib
510	drug::azaperone
511	drug::sorbitol
512	drug::zoledronic acid
513	drug::lacidipine
514	drug::azathioprine
515	drug::sulfamethoxazole
516	drug::isotretinoin
517	drug::mercaptopurine
518	drug::irinotecan
519	drug::beclomethasone dipropionate
520	drug::pyrimethamine
521	drug::ramipril
522	drug::cyclosporine
523	drug::rifampicin
524	drug::tolnaftate
525	drug::tacrolimus
526	drug::carfilzomib
527	drug::selumetinib
528	drug::ouabain
529	drug::silibinin
530	drug::oxaprozin
531	drug::ethynodiol diacetate
532	drug::nebivolol
533	drug::bosutinib
534	drug::dacarbazine
535	drug::fluconazole
536	drug::vinblastine
537	drug::carboplatin
538	drug::zileuton
539	drug::xl019
540	drug::difluprednate
541	drug::sns-314
542	drug::vemurafenib
543	drug::desloratadine
544	drug::furosemide
545	drug::nelarabine
546	drug::pantothenic acid
547	drug::phenothiazine
548	drug::clozapine
549	drug::pomalidomide
550	drug::triamcinolone
551	drug::rociletinib
552	drug::entinostat
553	drug::cimetidine
554	drug::ketoprofen
555	drug::chlorprothixene
556	drug::sulfanilamide
557	drug::danoprevir
558	drug::ciprofibrate
559	drug::metolazone
560	drug::lopinavir
561	drug::nitrendipine
562	drug::natamycin
563	drug::ezetimibe
564	drug::ambrisentan
565	drug::amisulpride
566	drug::foretinib
567	drug::desvenlafaxine
568	drug::snx-5422
569	drug::obatoclax
570	drug::neratinib
571	drug::torcetrapib
572	drug::panobinostat
573	drug::didanosine
574	drug::lumiracoxib
575	drug::inosine
576	drug::doxifluridine
577	drug::bortezomib
578	drug::cudc-907
579	drug::ketoconazole
580	drug::flumazenil
581	drug::sotalol
582	drug::methotrexate
583	drug::isosorbide
584	drug::tretinoin
585	drug::pralatrexate
586	drug::protionamide
587	drug::pelitinib
588	drug::ramelteon
589	drug::roxithromycin
590	drug::empagliflozin
591	drug::cytidine
592	drug::biochanin a
593	drug::sns-032
594	drug::oxcarbazepine
595	drug::teriflunomide
596	drug::edaravone
597	drug::levofloxacin
598	drug::romidepsin
599	drug::bufexamac
600	drug::silodosin
601	drug::flubendazole
602	drug::glipizide
603	drug::leflunomide
604	drug::rilpivirine
605	drug::allopurinol
606	drug::epinephrine
607	drug::xylitol
608	drug::raltegravir
609	drug::icotinib
610	drug::belinostat
611	drug::licofelone
612	drug::azithromycin
613	drug::binimetinib
614	drug::tiopronin
615	drug::thalidomide
616	drug::daclatasvir
617	drug::terfenadine
618	drug::olanzapine
619	drug::macitentan
620	drug::tenoxicam
621	drug::carmofur
622	drug::ozagrel
623	drug::rifabutin
624	drug::acyclovir
625	drug::levosimendan
626	drug::tideglusib
627	drug::piroxicam
628	drug::tadalafil
629	drug::dydrogesterone
630	drug::piromidic acid
631	drug::fludarabine
632	drug::idebenone
633	drug::amoxicillin
634	drug::megestrol acetate
635	drug::alpelisib
636	drug::phenytoin
637	drug::zafirlukast
638	drug::alfacalcidol
639	drug::tetrahydropalmatine
640	drug::sulfathiazole
641	drug::geldanamycin
642	drug::elvitegravir
643	drug::emodin
644	drug::hesperidin
645	drug::entacapone
646	drug::clofazimine
647	drug::fidaxomicin
648	drug::diacerein
649	drug::verteporfin
650	drug::capmatinib
651	drug::teniposide
652	drug::glyburide
653	drug::midostaurin
654	drug::chir-124
655	drug::ergocalciferol
656	drug::clobetasol propionate
657	drug::flutamide
658	drug::cediranib
659	drug::levamisole
660	drug::tivantinib
661	drug::rolipram
662	drug::pinometostat
663	drug::naratriptan
664	drug::tigecycline
665	drug::tiratricol
666	drug::telbivudine
667	drug::rofecoxib
668	drug::penfluridol
669	drug::etoposide
670	drug::estrone
671	drug::sulfameter
672	drug::decitabine
673	drug::fenofibrate
674	drug::nicorandil
675	drug::bisacodyl
676	drug::temozolomide
677	drug::gatifloxacin
678	drug::suprofen
679	drug::benzoic acid
680	drug::plicamycin
681	drug::progesterone
682	drug::dimethyl fumarate
683	drug::arbutin
684	drug::hesperetin
685	drug::piperine
686	drug::gemcitabine
687	drug::aspartame
688	drug::ketorolac
689	drug::adenosine
690	drug::ketanserin
691	drug::ibrutinib
692	drug::uracil
693	drug::dyphylline
694	drug::thiabendazole
695	drug::bardoxolone methyl
696	drug::etomidate
697	drug::griseofulvin
698	drug::atovaquone
699	drug::carvedilol
700	drug::ticagrelor
701	drug::voglibose
702	drug::cyclandelate
703	drug::cytarabine
704	drug::clorsulon
705	drug::ulipristal
706	drug::meloxicam
707	drug::mefenamic acid
708	drug::sonidegib
709	drug::cephalexin
710	drug::lubiprostone
711	drug::chenodeoxycholic acid
712	drug::flumethasone
713	drug::dutasteride
714	drug::olaparib
715	drug::ponatinib
716	drug::pyrazinamide
717	drug::bexarotene
718	drug::estradiol valerate
719	drug::febuxostat
720	drug::betaxolol
721	drug::carbamazepine
722	drug::phenindione
723	drug::topiramate
724	drug::camptothecin
725	drug::uridine
726	drug::duvelisib
727	drug::spironolactone
728	drug::sulfadiazine
729	drug::riluzole
730	drug::oxaliplatin
731	drug::ataluren
732	drug::rivaroxaban
733	drug::pramipexole
734	drug::pd-0325901
735	drug::glimepiride
736	drug::venetoclax
737	drug::sulfaguanidine
738	drug::nifenazone
739	drug::deferasirox
740	drug::vismodegib
741	drug::tamibarotene
742	drug::dacomitinib
743	drug::tranilast
744	drug::brefeldin a
745	drug::medroxyprogesterone acetate
746	drug::azacitidine
747	drug::cefdinir
748	drug::prednisolone
749	drug::pirarubicin
750	drug::dorsomorphin
751	drug::nitrofural
752	drug::isoniazid
753	drug::altretamine
754	drug::doxorubicin
755	drug::imiquimod
756	drug::bepridil
757	drug::arecoline
758	drug::lumacaftor
759	drug::deflazacort
760	drug::andrographolide
761	drug::iloperidone
762	drug::cobimetinib
763	drug::tolcapone
764	drug::methoxsalen
765	drug::cisplatin
766	drug::chlormezanone
